{"cameraMode":{"drawMode":0,"name":"Shaded","section":"Shading Mode"},"sceneLighting":true,"audioPlay":false,"sceneViewState":{"showFog":true,"showMaterialUpdate":false,"showSkybox":true,"showFlares":true,"showImageEffects":true,"showParticleSystems":true},"in2DMode":false,"pivot":{"x":-9.525153160095215,"y":-11.426197052001954,"z":6.278717994689941},"rotation":{"x":-0.15527285635471345,"y":0.6423936486244202,"z":-0.1351155787706375,"w":-0.738227367401123},"size":34.048423767089847,"orthographic":false}